<?xml version="1.0" encoding="UTF-8"?>
<lpf xmlns:xsi="http://www.w3.org/2001/XMLSchema-instance"
   xsi:schemaLocation='http://www.wpi.edu/~heineman/lpf/
                       http://www.wpi.edu/~heineman/lpf/lpf.xsd'
   xsi:noNamespaceSchemaLocation='lpf.xsd'>

  <!-- test board -->
  <puzzle version="1.0" type="sudoku" difficulty="2" width="9" height="9">
    <board name="initial">
	  <row contents="-4-5---6-"/>
      <row contents="75---98--"/>
      <row contents="---82--5-"/>
      <row contents="---6-1532"/>
      <row contents="-1--4--9-"/>
      <row contents="9623-5---"/>
      <row contents="-7--34---"/>
      <row contents="--37---15"/>
      <row contents="-2---8-7-"/>
    </board>
	<board name="solution">
	  <row contents="248573961"/>
      <row contents="756419823"/>
      <row contents="139826754"/>
      <row contents="487691532"/>
      <row contents="315247698"/>
      <row contents="962385147"/>
      <row contents="571934286"/>
      <row contents="893762415"/>
      <row contents="624158379"/>
		</board>
  </puzzle>
</lpf>
